Channel,Mean_KL,SEM_KL,N_KL,Mean_MMD,SEM_MMD,N_MMD
Fp1,0.0113333333333333,0.00187252482129055,21,0.0010952380952381,0.000822032214363432,21
Fp2,0.0112857142857143,0.00176896910676254,21,0.001,0.000801783725737273,21
Fc5,0.00676190476190476,0.000657936029256724,21,0.000619047619047619,0.000718716416941939,21
Fz,0.0100952380952381,0.00413458396703935,21,0.001,0.0011771636613973,21
Fc6,0.0064,0.000831612257827181,20,-0.0008,0.000682873186963498,20
T7,0.0059,0.000714142842854285,20,-4.33680868994202e-20,0.000566615064729969,20
Cz,0.0063,0.000384570847623822,20,-0.00085,0.000553814523388282,20
T8,0.0055,0.000461690258438319,20,0.0013,0.000696230451865805,20
P7,0.0069,0.000753587909166612,20,-0.00065,0.000708129485631726,20
P3,0.00565,0.000292673700111305,20,0.00025,0.000760453465824314,20
Pz,0.006,0.00034792618696923,20,0.0001,0.000797694045028346,20
P4,0.00615,0.000482727993583834,20,0.0001,0.000784387122468706,20
P8,0.0048,0.000505756338254115,20,0.00065,0.000788986691902975,20
O1,0.00655,0.0012575561094524,20,0.00025,0.000485987870760491,20
Oz,0.00575,0.000672289881085924,20,-0.0006,0.000755331924248852,20
O2,0.0051,0.000403276057989274,20,0.0002,0.000626603206939901,20
