Subjects,Fp1,Fp2,Fc5,Fz,Fc6,T7,Cz,T8,P7,P3,Pz,P4,P8,O1,Oz,O2
9,0.009,0,0.002,0.003,0.002,0,-0.002,-0.005,-0.004,0.002,0,0.001,-0.002,-0.003,-0.006,0.002
10,0.007,0,-0.002,0.019,0.008,-0.002,-0.004,0,-0.007,0,0.005,-0.008,-0.003,-0.003,0.001,0.004
8,0.005,-0.005,-0.005,-0.003,-0.004,0.003,0.005,0,-0.002,0.001,0.001,0,-0.007,0.002,0.001,0.002
4,0.005,0.002,0.002,0.003,-0.003,-0.006,0.001,0.006,-0.001,0,0.001,0.002,0,0,-0.003,0.002
21,0.005,0.008,-0.003,-0.002,-0.003,-0.001,-0.001,-0.001,-0.001,0,-0.001,-0.006,0.004,0,-0.003,-0.001
13,0.003,-0.001,0.002,0.003,0.001,0,0,-0.002,0.001,-0.003,-0.004,0.001,0.004,0.003,0.005,-0.004
1,0.003,0.001,0.005,-0.002,,,,,,,,,,,,
17,0.003,-0.004,-0.006,0.004,-0.002,0.001,-0.001,0.002,0.003,-0.002,0.001,0.001,0.003,0.002,0,0.002
20,0.003,-0.003,0.001,0,0,-0.001,-0.005,0,-0.001,0.002,-0.004,0.001,0.002,0.001,-0.004,0.001
16,0.001,-0.003,-0.002,-0.002,-0.001,-0.001,0,0.001,-0.003,0.006,-0.004,-0.001,-0.001,-0.002,0,-0.001
18,0,0.001,0.003,0.003,0.002,0,-0.001,-0.001,0,-0.003,0.005,0,0.004,-0.001,-0.006,0.002
19,0,0,-0.002,0.004,0.001,0.005,-0.001,-0.001,0,0,-0.001,-0.001,0,0.004,-0.004,0.002
14,-0.001,0,-0.001,-0.002,-0.001,-0.004,-0.002,0.005,0.001,0.002,-0.002,0.008,-0.002,-0.003,0.002,-0.003
5,-0.001,0.006,0.007,0.001,0.001,0,-0.003,0.002,0.006,-0.006,0.002,0.001,-0.005,0.003,-0.003,-0.002
6,-0.001,0.001,0,-0.005,-0.002,-0.001,0,0.001,0.003,-0.006,-0.002,-0.002,0.005,0,0.004,0.001
15,-0.001,-0.001,0,-0.002,-0.003,-0.002,0.002,0.005,-0.001,0.002,0.002,0.003,0.006,-0.002,-0.001,0.006
12,-0.002,0.001,0,0.005,-0.006,0.003,-0.005,0.006,0.004,0.002,0.006,-0.002,0.004,0.001,0,0
11,-0.003,0.006,0.005,-0.002,-0.001,0,0,0.005,-0.005,0.006,0.005,-0.002,0.002,0,0.003,-0.001
3,-0.003,0.002,0.004,0.005,0,0.003,-0.002,0.004,0,-0.004,-0.003,0.001,0.001,-0.001,0.004,-0.002
2,-0.004,0.009,0.002,-0.001,-0.005,0.002,0.003,0.002,-0.002,0.003,0.002,-0.001,-0.003,0.003,0.002,-0.006
7,-0.005,0.001,0.001,-0.008,0,0.001,-0.001,-0.003,-0.004,0.003,-0.007,0.006,0.001,0.001,-0.004,0
